[
  {
    "id": 1,
    "priority": 1,
    "action": {
      "type": "block"
    },
    "condition": {
      "urlFilter": "*/gen_204",
      "domains": ["google.com", "www.google.com"]
    }
  },
  {
    "id": 2,
    "priority": 1,
    "action": {
      "type": "block"
    },
    "condition": {
      "urlFilter": "*/log?",
      "domains": ["google.com", "www.google.com"]
    }
  },
  {
    "id": 3,
    "priority": 1,
    "action": {
      "type": "block"
    },
    "condition": {
      "urlFilter": "*/client_204?",
      "domains": ["google.com", "www.google.com"]
    }
  },
  {
    "id": 4,
    "priority": 1,
    "action": {
      "type": "block"
    },
    "condition": {
      "urlFilter": "*&ping=*",
      "domains": ["google.com", "www.google.com"]
    }
  },
  {
    "id": 5,
    "priority": 1,
    "action": {
      "type": "block"
    },
    "condition": {
      "urlFilter": "*/webchannel*",
      "domains": ["google.com", "www.google.com"]
    }
  },
  {
    "id": 6,
    "priority": 1,
    "action": {
      "type": "block"
    },
    "condition": {
      "urlFilter": "*/complete/search*",
      "domains": ["google.com", "www.google.com"]
    }
  },
  {
    "id": 7,
    "priority": 1,
    "action": {
      "type": "block"
    },
    "condition": {
      "urlFilter": "*/_/vissearch*",
      "domains": ["google.com", "www.google.com"]
    }
  },
  {
    "id": 8,
    "priority": 1,
    "action": {
      "type": "block"
    },
    "condition": {
      "urlFilter": "*/clientlog*",
      "domains": ["google.com", "www.google.com"]
    }
  },
  {
    "id": 9,
    "priority": 1,
    "action": {
      "type": "block"
    },
    "condition": {
      "urlFilter": "*/pagead/*",
      "domains": ["googleadservices.com"]
    }
  },
  {
    "id": 10,
    "priority": 1,
    "action": {
      "type": "block"
    },
    "condition": {
      "urlFilter": "*/generate_204*",
      "domains": ["google.com", "www.google.com"]
    }
  },
  {
    "id": 11,
    "priority": 1,
    "action": {
      "type": "block"
    },
    "condition": {
      "urlFilter": "ad_status.js",
      "domains": ["doubleclick.net"]
    }
  },
  {
    "id": 12,
    "priority": 1,
    "action": {
      "type": "block"
    },
    "condition": {
      "urlFilter": "*/asyncdata/*",
      "domains": ["googleapis.com"]
    }
  }
]